indice_original,Transported
5613,1
2457,0
1498,0
6773,0
5637,1
3036,0
1071,1
268,1
981,0
4275,0
6913,0
8514,1
4450,1
709,0
1367,0
2256,0
7741,0
4509,0
6064,0
7129,1
330,1
8097,0
5704,1
3605,1
4664,1
1642,1
1782,0
7122,1
7478,1
6487,1
3697,0
7092,0
6473,1
5053,0
2483,1
5257,1
1758,0
2189,0
1581,0
7143,1
4510,1
1778,0
2166,0
5686,1
8515,0
6752,0
3256,1
2343,1
4119,1
4851,0
3039,1
4053,0
4980,1
7197,1
2493,1
2239,0
4967,1
2443,0
7954,1
3164,1
2933,0
6147,1
2322,0
1020,0
134,0
372,0
2248,0
819,1
4899,1
8570,1
8576,0
4066,1
6318,0
7657,0
2053,0
6284,1
8219,0
7249,0
8584,1
5781,1
2165,0
5959,1
6574,1
6242,1
7403,0
4332,0
6431,1
71,1
3235,0
711,1
7858,1
5373,1
2396,0
7305,1
1580,0
3572,0
1136,0
3170,0
2197,0
7358,0
5868,0
6600,0
6617,0
1844,1
3936,0
3359,1
4016,1
1842,1
3904,1
2961,0
7819,0
4193,0
2616,0
3919,0
4529,1
919,0
6934,0
8331,1
6016,0
1402,0
7402,1
2422,0
998,0
5098,1
7598,1
3,0
1722,1
3883,0
6478,1
7534,0
6063,0
7246,0
6220,1
6628,1
4472,1
6708,1
1053,0
6043,0
4273,1
329,0
3228,1
4464,1
2506,0
6775,1
6974,0
143,1
1219,0
1560,1
8241,0
8353,1
5468,0
2505,0
1371,1
1134,1
5536,0
5493,0
5677,1
2661,1
6474,0
484,1
374,0
1983,0
3077,1
2069,1
3387,1
5588,1
2194,0
558,1
6244,0
2222,0
6985,1
1664,0
8023,0
642,0
3510,1
3639,0
7788,0
5334,1
7618,0
1266,0
3385,0
4903,1
3243,1
8086,1
4005,0
1583,0
3772,0
3399,0
178,1
4075,0
3462,1
4405,0
7920,1
3430,0
59,1
2936,1
4082,0
7158,1
4349,1
2752,0
5298,0
6822,1
623,1
5497,1
854,0
3893,0
2070,0
4122,1
6414,1
5413,1
3566,1
186,1
2553,0
7557,0
7699,1
6684,1
4091,1
2822,0
8220,1
7732,0
10,1
1041,0
1190,0
8094,1
6225,1
306,1
4949,1
8530,1
141,1
1232,1
4057,1
4897,0
1708,1
1254,0
8490,0
8068,0
525,0
3552,0
8311,1
2096,1
7202,0
4959,1
1073,0
7689,0
530,0
318,1
351,1
3421,1
6519,1
1918,1
6608,0
385,1
3350,1
2324,0
4328,1
2342,1
6359,1
428,1
1258,1
8334,0
5247,1
7860,1
6629,0
7323,1
7791,0
2621,0
3758,1
784,1
5952,0
598,1
3135,0
21,0
3307,1
6237,1
8419,0
5989,1
7274,0
5206,1
4936,1
1147,1
3840,1
271,1
7758,1
5001,1
4004,0
1366,0
2524,0
788,1
6017,0
4181,1
6150,0
1611,0
3013,1
1313,0
3038,1
5804,1
1878,0
7767,1
5823,0
6672,0
4052,1
4441,1
7639,0
1067,1
7667,0
3661,1
7417,1
2537,1
7529,0
7888,1
1143,1
3739,0
1923,0
6408,1
1334,0
2301,0
1609,1
6657,0
4635,0
4384,0
5917,1
7132,1
1409,0
2926,0
8110,1
3724,1
8001,1
7739,1
545,0
4963,1
3957,0
7003,0
3509,0
8457,1
3887,1
8580,1
6856,1
2002,1
7797,0
8342,0
6871,0
8210,0
6888,0
4545,1
5457,0
407,0
7095,1
7571,1
4161,0
5822,0
253,1
3586,1
2223,1
8675,1
7789,0
408,1
1186,0
2042,0
6860,0
8326,0
4133,1
3638,1
3719,1
6791,0
7404,1
5502,1
116,0
4715,1
6149,0
1517,1
2217,0
5757,0
7543,1
7556,0
5922,0
6883,1
5528,1
8648,1
5155,0
5769,1
2563,1
2000,1
1222,1
8594,1
5047,1
7309,0
4786,0
1455,0
2280,1
6721,1
2924,1
5570,1
5420,0
4473,1
1826,0
5222,1
6976,1
926,0
4121,0
7416,1
6800,1
8018,1
7339,0
5472,1
5973,0
7036,0
1276,1
7387,0
3533,0
3652,0
2107,1
5076,0
3078,1
4312,1
654,1
2436,1
3224,0
3130,0
7030,1
1980,0
7152,0
5370,0
6744,0
3621,1
4565,0
8540,0
7199,1
4322,0
2081,0
5117,0
8355,1
8016,1
6132,0
3479,0
3425,0
4440,1
1369,1
5964,0
2717,0
63,0
5025,1
2207,1
3839,1
242,0
1014,1
1578,0
16,0
742,0
8560,1
4120,0
5078,0
6034,1
4941,0
7773,1
1054,1
5923,0
5169,0
4345,1
2031,0
304,1
3025,1
4436,0
6002,1
1122,0
6841,0
1736,0
1584,0
3230,0
881,0
1569,0
2095,0
2860,1
1525,1
2977,0
8142,0
7256,1
1302,0
5851,1
449,1
656,1
3869,1
604,0
3192,1
6115,1
7352,1
3779,1
847,0
197,1
1349,1
2078,0
4692,0
994,1
1661,1
83,1
7484,0
279,0
7171,1
892,0
6124,1
1381,0
1485,1
8416,1
6919,0
4302,0
7506,0
772,0
6712,0
6069,1
67,0
3598,1
5646,0
2087,0
5697,0
8466,1
3831,1
4271,1
2885,1
7572,1
2052,1
3184,0
706,1
4439,1
2509,0
6162,0
326,0
490,0
1192,1
5292,0
3856,1
1832,1
6981,1
8372,1
6877,1
4988,1
6944,0
438,1
2711,0
8195,0
1153,0
1468,1
6128,1
1435,0
2476,0
1817,0
7768,1
2364,1
681,0
54,1
909,1
2600,0
7939,1
3414,0
7191,1
7393,0
3764,0
2545,0
3830,0
3373,0
2295,0
1688,1
5328,1
8462,0
5685,1
4894,1
4027,1
5568,1
7545,0
2813,0
2407,0
872,0
7565,1
7460,1
5738,1
4563,0
2219,0
8289,0
6694,1
6400,1
2769,0
3298,1
4017,0
4022,1
5148,1
6549,1
1226,1
4134,0
5902,1
4605,0
8317,1
1865,0
899,1
6739,0
3734,0
8523,1
7159,1
4088,1
7244,1
2025,0
5603,1
8685,1
621,1
5618,1
6114,1
7228,1
5786,0
3141,1
3219,0
5635,1
6289,0
5480,0
519,0
4713,0
3784,0
8151,0
5193,1
5636,1
2713,1
3262,1
303,1
2944,0
1503,1
3180,1
8,1
4055,0
7978,0
6541,0
4869,1
7042,0
3759,0
6846,0
6880,0
4270,1
6751,1
5561,0
2340,0
1942,1
3940,1
185,0
4231,0
11,1
7029,0
646,0
2625,1
495,0
2099,0
448,0
2768,1
3972,1
7435,1
399,0
1315,0
166,1
4992,0
2722,1
4218,1
6925,0
2605,0
3485,1
488,0
1201,0
7941,0
2844,0
7975,0
101,0
4065,1
4996,1
6753,0
5582,0
8626,0
6692,1
6301,1
4910,1
1450,0
2054,1
6319,0
3269,0
404,0
8234,1
2685,0
7539,0
5219,0
7354,0
5808,0
1610,0
8144,1
1257,1
4380,0
5093,0
1670,1
7671,0
5671,0
5467,0
4223,1
600,0
4562,1
2110,0
4893,0
1339,0
4123,1
7806,0
1927,1
949,0
7648,0
1391,0
516,1
8099,1
3318,0
3723,0
5593,0
8475,0
5910,1
6824,0
947,1
5310,0
7175,0
441,0
5,1
6663,1
2948,0
4073,1
7442,1
2897,1
419,1
2060,0
2372,1
494,0
1836,0
7447,1
2270,1
5081,1
128,0
1579,0
6075,0
2806,0
5841,1
198,0
2051,1
6627,0
1582,0
7421,0
2940,0
1205,1
6083,0
562,0
6581,1
4356,0
7656,0
3619,0
1022,1
5866,1
6031,1
70,1
5961,0
4920,1
6677,1
7125,1
2140,0
5020,1
5017,1
4351,0
3319,1
6890,0
2411,1
3407,1
4946,0
2658,1
3177,0
4891,1
3206,1
860,0
3796,0
1375,0
8413,0
370,0
5167,0
5287,0
7894,0
4832,1
3594,1
4595,0
8269,0
6697,0
5091,1
1682,0
3106,0
6937,1
2832,0
2169,1
2931,0
7962,0
8488,0
900,1
627,1
6190,1
6346,0
8139,1
8156,1
7670,0
4544,1
5965,1
7053,1
1123,0
1,1
685,0
5376,0
1741,1
3857,0
733,1
5653,0
7495,0
5761,1
7080,1
5159,0
1065,1
286,1
6866,1
634,0
6080,1
4289,0
5666,0
2101,0
2068,1
7216,0
2966,0
5069,0
1124,0
231,0
776,0
5089,1
7853,0
5737,0
8248,0
7990,1
701,0
6110,0
6435,1
493,1
3472,1
3457,1
3659,1
8287,0
5459,1
6443,0
8357,0
3918,0
4298,1
5530,1
6089,1
7970,1
8160,0
6245,0
440,1
3112,1
6001,1
7203,0
7902,0
5649,1
8678,1
2461,0
8634,1
8226,0
6874,0
1765,0
5335,1
3901,1
4317,0
4171,0
2861,0
8639,0
3030,1
320,1
5818,0
3634,1
319,0
8107,1
7163,1
6246,1
7524,1
2999,0
8152,0
394,1
874,0
2548,0
6674,0
7438,0
6148,0
6689,0
3358,1
5519,0
3094,1
1173,1
629,1
7879,0
2359,1
8464,0
6885,1
4929,1
5326,0
4766,0
4685,1
7625,0
7813,0
3501,1
888,0
2591,1
6243,0
7519,0
4429,0
1762,1
7714,1
5084,0
5860,0
4222,0
8154,0
5270,0
45,1
3662,0
6559,1
5829,0
2840,1
3654,1
7778,1
2187,1
3568,0
3048,1
5984,0
8491,0
3157,0
6272,1
3076,1
593,1
3647,1
2590,0
5997,1
6295,1
1358,0
4642,1
7334,1
3331,1
2091,1
5526,0
5475,0
2345,1
6737,1
7644,1
460,1
2523,1
8163,0
6422,1
7312,1
4850,0
2460,0
5891,1
2445,0
1120,0
6051,0
1096,1
3996,0
7477,1
873,0
4921,1
7109,0
5621,0
7873,1
4326,0
2168,0
7124,0
6779,0
4261,0
4926,1
8238,1
2151,1
3827,0
5277,1
8185,0
3434,0
159,0
4906,0
2950,0
5124,1
8138,0
4794,1
669,1
7842,1
6840,0
5616,1
4400,1
8638,1
1311,1
8053,0
1060,1
8087,0
4186,0
7183,0
7302,0
5968,1
1781,1
1794,0
3731,1
1380,0
4842,1
6585,0
567,0
2942,0
6806,0
1344,1
2708,0
2265,0
5878,0
748,0
8463,1
5541,1
4060,1
1721,1
1637,0
2986,1
4105,1
7752,1
41,1
5374,1
6445,1
4296,0
2736,1
4452,1
1643,0
6818,1
5355,1
7736,0
5171,1
346,1
2074,0
5785,0
5899,0
6263,1
5610,1
78,1
6022,1
172,1
4990,0
4387,0
5225,0
2414,0
236,0
1954,1
708,1
6112,0
1459,0
5015,0
931,0
7308,1
7449,1
1363,0
6092,1
3352,1
6488,0
4847,1
3242,1
7595,1
3365,1
5585,1
1475,0
2782,1
7299,0
6172,0
6187,0
7684,0
2235,0
848,1
4678,1
5417,0
2403,1
1021,1
6966,1
444,0
4534,1
8405,0
1979,0
536,1
7983,0
7709,1
2618,0
6702,1
7704,1
7862,0
5583,1
4341,1
6176,1
3304,0
1604,0
7364,1
969,1
3403,1
5385,0
8114,0
2702,0
6506,0
3339,1
5955,0
7532,0
4724,0
5286,0
3529,0
1263,0
5816,1
3680,1
2420,0
5464,1
1307,0
3062,1
5930,0
1773,0
371,0
5662,0
8368,1
1456,1
1850,0
8503,0
3303,0
1596,1
5071,1
28,1
7082,0
3876,0
8619,0
1133,0
8133,0
3360,1
8050,1
3872,0
8558,0
1752,0
68,0
2004,1
5453,0
8283,0
6324,0
2738,0
3590,0
6380,0
6050,0
8481,0
5814,1
1148,0
7944,1
6337,1
4739,1
5269,0
403,0
7473,1
4172,1
5183,0
7730,1
5544,1
8232,0
3187,1
3868,1
4579,1
4731,0
5369,1
5398,1
2417,1
7575,1
7027,1
195,1
2503,1
4471,0
3237,0
3044,0
8485,1
2774,0
3842,1
6902,0
125,1
6363,0
1530,1
3756,0
5152,0
5198,0
3469,1
1105,0
1901,0
7304,0
335,0
3308,0
8105,1
8088,1
1524,0
3409,0
2149,0
3103,0
8031,1
7646,0
2064,0
5876,0
6432,1
1333,0
5293,0
6754,1
528,1
8305,1
112,1
3587,1
6987,0
6210,0
4103,1
5979,1
543,1
894,1
2153,1
4145,1
4631,1
5163,1
5043,1
1971,0
2450,1
8599,0
7544,1
8596,1
5513,1
4570,0
8155,1
5589,0
2555,1
3144,1
4276,0
7522,1
3701,1
1030,0
6436,1
8377,0
4596,0
3787,1
7688,0
3123,0
8629,1
5070,1
2392,1
6731,0
7738,0
3005,1
1292,0
5920,1
6776,1
4571,1
8632,0
6188,1
1239,0
6457,1
2990,0
3870,1
8426,0
7547,0
6171,0
1487,1
5220,1
443,0
8236,0
4532,1
3704,0
736,1
3544,0
4333,0
3489,0
795,0
7405,0
3890,0
2380,1
2121,1
8448,1
6769,1
8415,1
3169,1
5423,1
1447,1
7600,1
6704,0
272,0
2578,1
7696,0
7895,1
4512,1
2817,0
3953,1
7293,0
2770,0
4745,0
3875,0
6068,1
7555,0
7716,0
5366,0
4698,1
7976,0
6006,1
35,1
7079,0
7969,0
4362,1
1790,0
2626,0
1454,1
8115,0
7311,0
8363,0
5061,1
5165,1
7675,0
4737,1
4392,1
2011,0
5950,1
5839,0
3801,0
8424,0
5201,1
98,0
5288,1
7148,0
7121,1
5806,0
8483,1
8672,0
853,0
2210,0
4107,1
4213,0
7420,1
8136,1
1965,1
7280,0
6580,1
5634,0
4456,0
3327,0
2362,0
7141,1
7744,1
5130,1
8398,0
1202,0
4740,1
8259,1
3721,0
5161,1
8493,1
7131,0
6405,1
3383,0
416,1
389,1
4054,1
7690,0
7224,0
5107,0
8440,1
3760,0
3484,0
2157,0
3497,1
1088,1
7982,0
7241,0
5719,1
1394,1
7367,0
6932,1
7620,1
451,0
6476,0
1713,1
4829,1
7481,1
4334,1
1433,1
6554,0
3055,0
5050,1
4402,0
1917,1
5628,1
8286,1
811,0
3921,0
8175,0
193,0
485,0
1789,0
7065,0
6596,0
6651,1
974,1
2790,0
1395,0
5889,0
1814,1
7431,1
648,0
7149,1
142,1
459,0
4760,0
3050,0
3910,1
4964,1
8302,1
1815,0
7846,1
4653,1
2570,0
5160,0
2836,0
5082,0
8239,0
7867,0
615,0
5932,1
3897,0
6610,0
2314,0
5333,1
1083,0
4902,0
4220,0
472,1
1607,0
6545,1
5057,0
3609,1
3287,1
2739,0
8478,0
296,1
7988,0
5936,0
4095,1
6898,1
6131,0
4491,1
4415,1
7048,0
426,1
7162,1
8199,1
4764,0
813,1
8015,1
3811,1
4309,1
8225,1
8278,0
7708,0
1245,1
2321,1
2946,1
2029,0
8495,0
3826,0
4973,0
6578,1
1760,1
4549,1
1285,0
5651,1
5726,1
1352,1
4593,1
768,1
6010,0
5200,1
5306,0
7886,0
4756,1
6863,1
4353,0
8509,0
6947,0
995,1
5319,1
7989,0
7562,0
7947,1
3553,0
7641,0
8070,0
6636,0
4785,1
1141,0
2177,1
1458,1
7851,0
4979,1
7366,0
3088,0
6864,1
1675,1
1321,1
6528,1
3265,0
579,0
7711,1
5884,1
5210,1
1075,1
6881,1
3922,0
986,1
537,1
4927,1
5656,1
3129,0
3981,0
6241,1
3033,0
4778,1
6782,0
6170,0
2741,0
209,0
5231,0
8612,0
6019,0
5022,1
1359,1
5354,0
6373,0
2264,0
3864,0
628,0
3762,1
1499,1
4167,1
2333,0
5927,1
7586,0
2574,0
3967,1
6024,0
4375,0
8092,0
277,0
4651,1
3930,1
273,0
7201,0
126,0
7359,0
2327,1
105,1
1347,0
4687,1
3322,1
6009,1
2656,0
6535,0
138,0
1077,1
5914,0
5323,0
1289,0
1404,0
2974,1
7553,0
631,0
1471,0
7828,0
7248,1
3805,1
1373,0
5717,0
5632,1
1037,0
1523,1
6855,1
3929,1
4208,0
6827,1
4582,0
8390,1
3780,0
7138,1
6770,0
5976,1
475,1
7576,0
3608,0
5953,0
6777,1
7155,0
977,1
6579,1
3597,0
3320,0
5009,1
439,0
478,1
4604,0
4558,1
7649,0
2308,0
7869,0
369,0
5252,0
208,0
391,0
1324,1
2273,1
1045,0
964,0
561,0
1225,0
3006,1
2028,1
4323,0
4923,1
225,0
5825,1
2059,1
1084,0
7632,0
8461,0
8095,0
2284,0
8273,0
2262,1
1236,1
3611,0
355,0
5758,1
2105,1
2691,1
5116,1
1158,1
2734,0
1749,0
8582,0
8157,1
1665,1
6098,0
1641,1
5418,0
6755,0
7429,1
2847,0
1478,0
6261,0
375,1
3402,0
779,1
5438,1
4352,0
8624,1
7609,0
7697,0
6859,0
7262,1
1654,0
4414,1
1486,0
1934,1
8345,0
5495,1
3702,1
4469,0
1531,1
2615,1
613,1
4250,0
1873,0
8412,1
8384,0
5446,1
3280,1
1286,1
4199,1
3917,1
4370,1
4714,0
8438,0
6567,0
6278,1
6256,1
6862,0
3367,1
1693,0
489,1
5063,0
3204,0
2569,1
6611,1
3288,0
3812,1
6203,1
7611,0
785,1
4242,1
312,0
6104,1
7672,0
119,0
4993,1
2191,0
8048,0
2895,0
551,1
1159,1
2115,1
7353,0
4707,1
6335,1
2888,1
7663,1
5867,1
4260,0
1723,0
5820,1
6460,0
6592,1
7651,0
8222,0
8642,0
2375,1
3582,1
7504,0
3920,0
3505,0
7995,0
1590,0
4561,0
8407,1
7664,0
1856,0
532,1
6530,0
8243,0
2094,1
2467,1
885,1
4056,1
1233,0
7265,0
6167,1
1318,0
7645,1
1112,1
4537,0
5506,1
6260,0
7564,0
1338,0
6127,0
3118,1
2119,1
8513,1
2887,1
563,0
8666,1
6015,0
599,1
1050,1
1977,1
461,0
5780,1
576,1
7782,1
81,1
3470,1
1461,0
7059,0
7283,1
2759,1
5320,0
3392,1
4385,0
7923,0
955,0
703,0
4098,1
4746,1
1200,0
594,1
3443,0
1440,1
8041,1
6735,0
5901,1
6046,1
1557,1
5357,0
4743,1
3173,1
1677,0
8060,1
6891,1
4074,0
7631,1
6948,1
4722,1
1377,1
1555,0
8608,0
4083,1
6421,1
433,0
8313,1
7427,1
411,1
2118,1
8402,0
3714,0
2809,1
1085,0
1287,1
6525,1
2480,0
8436,0
505,0
7290,0
7468,0
3481,0
1834,1
361,1
3916,0
2383,1
6908,0
5863,0
1010,0
5128,1
94,0
4918,1
3247,0
5986,0
6876,1
1280,1
473,1
2416,0
7340,0
2250,1
4267,1
1250,1
4969,0
6350,1
8126,0
127,1
5893,1
1940,0
2896,1
4355,1
1676,0
1742,0
1775,1
4346,1
7459,1
7964,1
3003,0
3410,1
409,1
4070,0
8290,0
4846,0
6725,1
4817,1
4212,1
6143,0
7277,0
7596,0
3984,0
4729,1
6268,0
7361,1
3751,0
5028,1
4038,1
6804,1
5437,1
4251,0
6439,1
6238,1
7961,1
4779,1
4063,1
1215,0
6501,1
8387,1
1251,0
6045,0
5085,1
5445,1
1565,0
6097,1
53,1
5798,1
8590,1
6886,0
2764,1
5552,1
7189,0
3032,1
2678,1
3016,1
930,0
891,1
6894,0
1796,0
2466,1
4252,1
1601,1
3980,1
7584,0
2337,1
7039,1
8692,1
6471,1
5742,1
1417,0
5157,1
7889,0
3730,0
5190,1
7275,1
1867,1
8686,0
5060,1
4269,1
36,1
7006,1
8492,0
2969,1
988,1
870,1
1528,1
723,0
5562,1
967,0
4856,1
7292,1
5888,0
3096,1
7166,1
6344,1
2259,0
275,0
8630,1
2606,0
1673,0
7462,1
8671,1
963,0
5890,1
160,1
529,0
8591,0
8080,0
1701,0
2808,1
5715,1
4981,1
4536,1
2541,0
5494,1
2780,0
8449,1
4202,0
1042,1
5928,1
7184,0
8664,1
5894,1
7391,0
1372,1
6917,0
6727,0
5251,1
8396,0
5265,1
6529,0
3694,0
586,0
5980,1
7783,1
2814,0
2799,0
5771,1
2869,1
889,0
4567,1
3150,0
7052,0
6362,1
6678,1
1032,0
3976,1
3167,0
4667,1
4933,0
2136,0
1305,1
1812,0
1566,0
1473,0
8670,1
1396,1
8369,0
7409,1
8033,1
2497,0
2536,1
3366,0
8266,0
3515,0
8300,0
6681,0
7763,0
3401,1
2756,0
95,1
348,0
2369,1
1671,1
5023,1
626,1
2630,1
6842,1
5173,0
7161,0
4281,0
7385,0
8027,0
4774,0
2193,1
50,0
8592,0
807,1
1993,0
8271,1
5202,0
1958,0
7098,0
1218,0
2552,0
4292,0
7717,0
577,1
6903,0
6546,1
432,0
6388,0
798,0
4867,1
7606,1
7497,0
1649,0
7509,1
6794,1
4938,1
6123,1
1220,1
7765,0
6511,0
3492,0
8376,0
4330,1
5151,1
8455,0
152,1
8349,1
6102,1
2787,0
2510,0
7021,1
1451,0
1024,1
230,0
1432,0
6921,0
2898,1
2473,1
698,1
175,1
2788,1
5170,1
4448,1
3903,0
2937,0
8422,1
8603,1
5166,0
5056,0
3161,0
1985,1
2043,0
6767,0
6389,1
1388,1
7482,0
6696,0
2853,1
2597,1
6251,1
7540,0
8496,0
3047,1
7185,0
3583,1
1547,0
682,1
752,1
8338,0
7682,1
850,0
835,0
4277,0
2651,1
2204,1
7008,1
5751,1
1771,1
1793,0
82,1
7054,1
6688,0
1893,1
4533,1
7733,0
102,1
3390,1
6718,0
1630,1
2692,0
4256,1
6003,1
3140,1
474,1
3671,0
5779,0
787,1
4662,1
6868,1
1106,0
5196,1
5232,1
1544,0
6497,0
6291,1
8636,1
4836,0
5630,1
7712,1
6341,1
1098,0
3909,0
2993,1
2160,0
6266,1
6724,1
3337,0
3810,1
4148,0
4235,0
817,0
1089,1
2904,0
6446,0
4348,1
7566,1
2551,1
2662,0
453,0
2638,1
4216,1
5410,0
1268,0
6302,0
2015,0
6647,0
7315,0
454,0
6441,1
6195,0
945,1
4514,1
8062,0
7624,1
7151,0
5586,0
3531,1
1672,1
6355,1
6900,0
4310,0
2257,1
1235,1
2294,0
8647,0
3640,0
5857,0
122,1
7251,0
3246,0
1171,1
1288,0
2792,0
4373,1
7936,0
3267,1
1001,1
5907,0
7446,0
3190,1
3645,0
6366,1
6723,0
773,1
5471,1
6347,0
4086,1
4010,1
8240,1
3615,1
6667,1
4898,0
4465,0
922,0
3002,0
7640,1
8379,1
5858,0
5556,0
3656,1
8214,0
4795,1
3695,0
3195,0
1132,1
8007,0
3998,0
4639,1
1354,1
4424,1
7100,0
3289,0
8565,0
2903,0
256,1
7603,0
1586,1
1314,0
5684,1
1877,0
5639,0
6218,0
487,1
1477,1
7371,1
3573,0
8616,1
7147,0
8512,0
3938,0
1110,1
8207,0
3070,1
749,0
6560,1
820,0
1795,0
6111,1
3576,1
7903,0
7453,0
5918,1
1340,0
5301,1
8101,0
5380,0
2495,1
1869,1
5074,0
4583,1
4983,1
8552,0
1052,1
7628,0
1591,0
7538,0
4736,0
4666,1
725,0
8473,0
7883,0
5034,0
7282,0
5066,1
7514,0
2682,1
8482,0
4246,0
4488,0
3591,1
1898,0
37,0
660,1
997,0
2346,1
2291,0
7379,1
2954,0
4526,0
6450,1
7328,0
1997,0
2515,1
1335,0
1400,1
3593,0
7809,1
4755,0
2588,0
6013,0
3961,1
6166,0
3795,0
4360,0
1921,0
3511,1
4524,0
6870,1
2992,0
6843,0
6395,1
4620,0
1492,0
4844,0
6391,1
3312,1
5706,0
7693,1
3516,0
572,0
1933,0
3441,1
8272,1
6601,0
4284,0
420,0
4132,1
6227,1
3349,0
4747,0
3790,1
7987,0
4538,1
7881,0
658,0
5142,0
8297,0
6214,1
397,0
8212,1
2624,1
2710,0
5604,1
1526,1
4177,1
6235,1
3125,0
8645,0
3208,0
6687,1
630,0
6582,0
5276,0
1662,1
6844,0
3281,1
6216,0
345,1
6517,1
29,0
688,0
6899,0
4447,1
3692,1
2313,1
6290,0
4126,0
8499,1
3067,1
1262,1
743,0
7067,0
5523,1
4914,1
8329,0
3460,1
2893,1
6079,0
1885,0
6676,0
5753,0
5641,1
587,0
5125,1
4708,0
2093,1
3326,1
373,0
3889,1
7176,1
1791,0
7770,0
4528,1
5881,1
7087,0
6690,0
2988,0
1866,1
5447,1
3768,1
6294,0
7676,1
2964,0
2854,1
7091,0
6152,0
5587,0
1178,0
1150,1
5978,1
5539,1
6076,1
2282,0
6928,0
2879,1
6028,1
6472,1
4559,1
2366,0
5261,1
6175,0
6858,1
7226,0
7707,0
4586,1
7,1
7510,1
3808,1
4072,0
3763,0
5624,1
5507,1
5576,0
8559,0
7055,0
7847,1
4197,1
851,0
7774,0
2906,0
5217,1
2726,0
417,1
7917,0
4735,1
4733,1
902,0
4861,0
647,0
6561,1
1739,1
8020,0
3158,0
4858,1
1018,1
2232,0
7046,1
3683,0
2862,1
6599,0
4859,0
8011,1
3232,1
3024,1
633,0
8566,1
5434,0
4175,1
4811,0
6300,1
6137,1
380,1
7715,0
6106,1
4100,1
4882,0
7437,1
6607,1
644,0
223,1
5422,0
4494,1
7526,0
3156,1
3428,1
564,0
4048,1
8635,1
6527,1
7568,0
8245,0
4633,0
5743,0
5075,1
4808,1
3679,0
4143,0
3191,1
8002,1
4585,1
6340,0
2339,1
8229,0
8337,0
2496,0
5619,0
7455,0
8161,0
8606,1
1548,1
5846,1
3165,1
4135,1
1715,0
8506,0
4671,0
1924,1
5375,0
679,1
6059,1
1588,0
6631,1
1522,1
8319,0
246,0
1063,1
1966,1
4853,1
849,1
7591,0
366,1
7896,0
3958,1
4601,0
315,1
4557,1
5572,0
8061,1
2801,1
196,1
1046,0
8260,0
944,0
327,1
7234,0
7063,0
8577,0
5916,1
846,1
6117,1
3278,1
7807,1
3042,1
973,0
7140,1
1357,0
1137,0
1299,1
6828,1
5263,1
6673,1
7585,0
6640,1
4999,0
777,0
6416,0
7430,1
2202,1
7414,0
368,0
114,1
8009,1
7001,0
5428,0
8650,1
1091,1
8059,0
250,1
800,0
7981,1
1545,0
1883,1
339,1
3770,0
3119,0
6811,1
6989,0
483,0
7374,1
4669,0
3279,1
2901,1
651,0
5510,1
278,1
3513,1
1759,1
5383,0
554,1
3251,1
8418,0
3660,1
3542,0
4014,1
1629,0
5127,1
1597,0
7725,0
3372,1
8588,0
6343,1
6222,0
4282,1
1504,1
2213,0
25,0
8227,1
4873,0
1799,0
759,1
7220,1
4229,0
6707,0
3314,1
8578,1
5397,0
3124,1
6257,1
2793,1
700,0
6547,0
4156,1
2687,1
4203,0
6637,0
8615,1
6750,1
3099,1
6326,0
2951,0
1154,0
2391,0
6386,0
5512,0
1970,0
6849,1
726,1
86,1
5775,0
3045,1
4792,1
2381,1
5440,1
7634,1
1259,0
7475,1
4263,0
4268,0
5606,0
5991,0
1399,0
6096,1
7622,1
1909,1
3570,1
5126,0
8247,0
782,0
7172,1
6951,0
6616,1
169,1
2512,0
3483,1
3578,1
1830,0
4554,0
4481,1
839,1
3071,0
989,0
6304,0
7501,0
5030,1
3931,1
5647,1
4401,1
4931,1
4244,0
457,1
3627,0
6133,1
3604,1
6328,1
8423,0
1043,1
4163,1
7089,1
4042,1
7673,1
5803,1
4078,0
1325,0
7508,1
6686,0
6018,1
4694,1
3755,0
4584,0
8137,0
5087,0
7848,1
1772,0
1912,1
1823,0
1890,0
5178,0
4654,0
5756,0
624,0
2826,0
6093,0
402,0
3244,1
244,1
7669,1
1204,0
7167,0
450,0
1957,0
6512,1
6447,1
7779,1
7812,1
8356,0
1093,1
12,1
2388,0
4478,1
7827,1
5492,1
6533,1
313,1
5709,1
5755,1
5763,0
2521,1
4828,1
1444,0
4960,0
7805,1
5913,1
3108,1
7154,0
201,0
816,1
6968,0
3519,1
3398,0
4446,1
301,0
8428,1
8621,0
3983,0
2863,0
6444,0
6090,1
855,1
7332,0
6105,1
3189,0
1237,0
8381,0
3019,1
2453,1
2398,0
1500,1
7010,1
6085,0
2326,0
6534,1
2424,1
2428,1
3891,1
5141,0
85,0
1149,1
136,0
2571,1
3571,0
2454,0
392,1
605,1
4606,0
4833,1
6020,1
5900,1
435,0
672,0
5242,0
7743,0
8654,1
3752,0
6086,0
52,1
2130,0
4627,1
8279,1
958,1
211,1
6315,1
5192,1
3010,0
1623,0
972,0
3250,1
3560,0
1916,1
7823,0
7285,0
3200,1
3725,0
1113,0
2455,1
2957,0
6311,1
39,0
3253,0
5317,1
2800,0
7289,0
809,0
6584,1
5958,0
4336,1
4147,1
2023,1
8182,0
4274,1
6940,1
4140,1
6310,0
6638,0
5546,1
467,1
5681,1
6120,1
7710,1
6141,0
7892,0
5996,0
3221,1
8081,1
3602,1
3536,1
6434,0
878,1
7114,1
5340,1
6716,0
5121,1
5362,0
6464,0
4174,0
44,1
5573,1
7719,0
1160,1
7914,0
3105,1
4020,1
8141,0
267,1
2044,0
5449,1
8145,0
5221,0
2272,0
3677,1
7674,0
3914,1
1462,1
4117,0
4738,0
6551,1
3151,1
2791,0
7423,0
2171,0
8213,0
2912,0
3733,0
4382,0
6071,0
2776,1
1489,0
6577,0
248,0
4552,0
6983,1
7577,1
775,1
378,1
1165,1
1533,0
7502,1
8168,0
6502,0
5864,1
7230,1
317,1
7182,1
5815,0
8439,0
4230,1
7849,0
4294,0
2395,1
1831,1
1306,1
4286,0
224,0
982,0
6905,0
1273,0
4860,0
7263,1
1484,0
5994,1
2170,1
341,0
4770,1
235,0
1810,1
4205,1
2129,0
801,1
344,1
6427,1
6342,1
2543,1
745,1
3476,1
5331,1
1206,1
1846,0
2233,1
4652,1
896,0
6320,1
155,0
1000,1
8083,0
3011,0
7695,1
2,0
2824,1
2108,1
2529,0
8383,0
1822,0
4875,0
5770,1
4127,0
7276,0
3934,0
294,0
1221,0
8567,0
5110,1
266,1
6091,1
4749,0
6949,1
1480,1
976,1
2114,0
705,0
413,1
3214,0
6287,1
6658,0
7064,1
6872,1
491,0
4977,1
524,1
5392,0
5844,1
7535,1
5578,1
6399,1
5505,1
1913,0
2349,1
4144,0
7943,0
875,1
5551,0
8365,0
7102,0
3982,1
1512,1
7525,0
3629,0
6354,0
4682,0
8623,0
2347,1
4428,1
5381,0
1425,0
4035,1
8064,0
4182,0
4804,1
4835,0
4062,1
7991,0
2016,0
5623,0
8264,0
5862,1
636,0
7808,0
3268,0
824,1
5597,0
2252,1
8042,0
2215,1
8242,1
2579,1
3396,0
3653,0
3415,1
6624,0
4295,0
1341,0
5975,0
6882,1
5259,1
7178,1
3941,1
1888,1
2720,1
6508,1
2305,0
5911,0
1549,0
1764,0
2917,0
4925,1
6572,1
4955,1
2586,0
7679,1
4331,1
1859,1
23,0
2718,0
227,1
4953,1
4530,0
5614,0
2061,0
3554,0
4347,1
4493,0
162,0
7245,0
5144,0
1720,1
4084,0
132,0
7348,1
421,1
4321,0
4732,1
308,0
148,0
568,0
4683,0
6969,0
7463,1
2971,1
6550,0
1858,0
431,0
8237,0
1374,1
2315,0
686,1
6412,0
2379,1
1398,0
5325,0
4040,0
7014,0
6198,0
3065,0
2285,0
3353,1
4782,1
5441,1
316,0
818,0
3589,0
3765,0
6641,0
737,1
3128,1
2125,1
2499,0
2162,1
1213,1
8034,0
2952,0
220,0
2182,0
5425,1
8472,1
7825,1
445,1
3546,0
3715,0
3601,1
4176,1
770,0
5555,1
5595,1
6361,0
5741,1
814,1
2338,1
2612,0
5875,0
4807,0
596,1
5139,1
5985,1
1820,0
2303,1
5439,0
4599,1
4011,1
3285,1
1887,0
3853,1
757,1
1008,0
2550,0
5615,1
7179,1
2490,0
7794,0
5064,0
3498,1
91,0
4374,1
3217,0
6562,0
7378,0
2124,0
5035,1
1931,1
3486,1
8411,0
5650,1
2611,0
5746,1
4395,1
1183,1
2401,0
8529,0
3405,1
5828,0
6275,1
5296,1
7303,0
7117,1
3834,0
1362,1
559,0
1982,1
4287,0
2438,1
7925,1
6543,1
4748,1
7326,0
7413,0
5983,1
8281,0
8128,1
3710,0
571,0
8303,1
4215,0
2909,1
2218,1
3789,0
5695,1
3343,1
5462,1
8268,1
8344,0
3862,0
7527,1
1892,1
2763,1
7017,1
1539,0
2358,0
4157,1
7616,1
4489,1
3658,0
1750,1
3541,0
5118,0
1028,0
1991,0
8583,1
5854,1
4616,1
968,0
6293,0
2100,0
1767,0
3865,0
4857,1
668,1
1727,1
1181,0
4224,0
7372,1
6719,1
3418,1
992,1
5408,0
6971,1
7043,0
2385,0
1013,1
3416,1
6262,0
8350,1
8328,1
2642,0
4864,0
4518,1
1719,1
6656,0
3672,0
4947,0
2740,0
1904,1
5549,1
1100,1
6103,0
2288,1
4624,1
5919,0
4915,1
8267,1
6793,0
3575,1
4691,1
6122,0
5560,0
6026,0
4364,1
7915,1
4895,1
5405,1
5026,0
6211,0
6887,0
6466,1
145,1
5077,1
1514,1
3821,1
987,1
4886,1
6916,0
2479,0
8030,1
77,1
7868,0
4588,1
354,0
1806,0
5011,0
831,0
1317,1
4170,1
3181,1
8255,0
6920,0
4226,1
5600,1
7307,0
3995,0
8403,0
2647,0
6030,0
5364,1
910,0
4776,1
6589,1
7652,1
3558,1
4046,1
3616,1
7174,1
2329,0
6027,1
6410,0
7106,1
8655,0
1600,1
5461,1
2709,1
1157,0
1696,0
4196,1
8442,0
1033,0
2660,0
7194,0
6489,0
8231,0
3171,0
6986,0
7342,0
4880,1
5484,0
3559,1
5307,0
3877,1
47,1
1023,0
4325,1
2610,1
6778,1
4411,0
7843,1
7343,0
6201,0
4407,1
7938,0
5396,0
5031,0
8385,0
4503,1
3948,0
7613,1
4258,1
4680,0
7552,0
3670,0
1650,1
7232,1
3368,1
3400,1
7406,0
1252,1
934,1
6586,1
6924,1
6192,0
5792,1
5164,1
1253,0
5244,0
5436,1
884,0
3685,0
4106,1
5101,1
1297,0
2599,1
6772,1
7934,0
189,0
508,0
2348,0
6230,1
3075,1
2539,0
7905,1
3473,0
7243,1
2681,1
3139,1
6007,1
1511,1
2751,0
8147,0
4237,0
8277,1
6544,0
946,1
3153,1
1550,0
8505,1
5524,0
7824,0
5033,0
7213,0
8208,1
2991,0
7972,1
5426,0
6135,1
2617,1
6660,1
2311,1
1162,1
2732,0
3902,0
5313,1
2646,0
4404,1
6799,0
5631,1
7617,0
1465,1
405,0
5490,0
8500,0
738,1
6635,0
137,1
7642,0
2418,1
324,1
7909,1
4443,0
7419,0
5158,1
2072,1
5835,0
498,1
1768,0
7050,1
4854,1
1481,0
3905,1
2855,0
5406,0
5672,1
1356,0
4703,1
8382,0
5005,0
6622,0
6351,1
6982,0
826,0
3283,0
5895,1
4141,0
7685,1
649,0
8658,1
8651,0
3175,1
5774,0
1131,1
1843,0
2234,0
3600,1
2663,0
6303,1
6834,1
1002,1
6835,0
4007,1
3014,0
3802,1
2384,0
6873,0
4265,1
2664,0
3567,0
6570,1
6492,0
183,0
367,0
8197,1
34,1
8316,0
4780,1
3293,0
1711,1
8333,1
2021,1
5498,0
7373,0
5486,1
190,0
620,0
6209,0
6820,0
5016,0
1231,0
79,1
1401,0
2500,0
1529,1
5731,1
3083,1
2275,0
6371,1
8371,0
5807,1
1368,0
704,1
8453,0
912,0
6943,0
731,0
6265,1
5000,0
1922,0
6191,1
7660,1
257,1
2670,1
5518,0
6125,1
1615,1
4632,0
3085,1
6248,1
5207,0
1910,0
2361,0
3838,1
6401,0
4201,0
7190,0
4288,1
3329,1
5754,0
1984,0
2076,0
4081,1
7239,1
3612,1
5180,1
3537,1
173,0
1243,0
6453,1
2102,1
5044,1
2299,1
5341,1
1460,1
815,0
8605,0
3809,0
4475,0
1057,1
8010,1
4093,0
5119,0
2319,0
4806,1
5309,0
5665,0
2297,0
509,0
8299,1
8393,1
877,1
1474,0
5680,1
1860,0
2434,0
6746,1
176,0
1551,1
2601,0
8089,0
5967,1
6995,1
7955,1
3029,0
8430,1
13,0
2542,0
1431,0
1587,0
3939,0
2185,0
4381,1
6952,0
6164,0
6816,1
3738,0
803,1
6682,1
5454,1
8510,1
7436,1
1751,0
5853,1
6486,0
2559,0
1915,0
4418,0
7706,1
2923,1
4045,1
8408,1
7160,1
3015,1
5605,1
7034,1
182,1
2972,1
5554,0
6538,1
207,0
1493,0
3561,0
4924,1
2997,0
4830,0
933,0
2431,0
2684,1
5687,1
214,0
557,1
7422,1
6865,0
3628,1
3477,0
3332,0
2707,1
7047,0
6499,1
4015,0
4383,1
5419,1
2812,0
7874,1
1348,1
591,0
4705,0
3962,1
1837,1
3008,0
2693,0
1408,0
1129,0
7836,0
8497,1
2049,1
1102,0
5995,0
7951,1
2354,0
1573,0
1406,1
880,0
7958,0
5314,1
1881,0
3166,0
4818,1
5455,1
2300,0
1891,0
8188,0
6566,0
3295,1
4179,0
2312,0
5870,0
1616,0
8688,0
24,1
935,0
3973,1
4266,1
3138,0
957,1
6789,1
5079,0
3452,0
7946,1
3458,0
2870,1
7635,1
2075,1
6109,0
5430,0
1961,1
5903,1
5476,1
2689,0
2907,1
6975,0
2508,0
3965,0
7960,1
107,1
1453,1
3942,0
4966,1
2018,0
7395,0
6896,1
2404,1
5809,0
3178,0
5674,0
3855,1
1300,0
3097,0
952,0
4800,1
4002,1
683,0
534,1
4386,0
8093,1
5395,1
1119,0
6933,1
110,0
2881,0
1079,1
4994,1
8689,0
5701,0
1295,0
2039,0
766,1
2724,1
8322,0
4102,0
4634,1
1170,0
4085,1
4453,1
5569,0
5055,0
2419,1
6376,0
8044,1
337,1
1871,0
6897,1
667,1
2731,1
2266,0
6142,1
5233,0
8159,0
3718,0
5934,1
7940,0
2377,1
1999,0
2408,1
1706,1
2587,0
6178,0
2916,1
4878,0
4427,0
4564,0
2501,1
393,0
254,1
5812,1
4408,0
2795,0
3623,0
1728,0
5696,1
8581,0
907,1
4031,1
5601,1
1819,0
943,0
6338,1
87,1
8521,1
5705,0
3703,1
4109,1
522,0
8659,0
434,1
4500,1
239,0
7700,0
2041,0
4185,0
6679,0
2131,0
4742,0
8585,0
106,1
3698,1
1382,1
1047,1
5387,0
1603,0
2452,0
6576,1
6964,1
8307,1
3933,1
4150,0
2821,0
5394,1
215,1
6814,0
5836,1
2686,0
1168,1
6645,1
4628,1
2958,1
4304,1
1602,1
2386,0
1249,1
6960,1
3977,0
1491,1
1208,0
7559,1
295,1
3054,1
2236,0
8073,0
7485,1
8465,1
8470,0
3031,1
8140,1
3545,1
7211,1
1111,0
7928,1
3491,1
864,0
544,0
5692,1
1702,0
6761,0
1800,1
8563,0
4932,0
5112,0
7337,1
8504,0
3799,0
2017,0
8679,1
7520,1
3263,1
4153,0
3384,1
8486,1
806,0
4752,0
5951,1
3913,1
64,0
8118,0
8296,1
2533,1
5391,0
710,0
1707,0
6803,0
1229,1
1959,0
1443,1
8131,1
1626,0
677,1
8618,1
5848,1
6513,1
6792,1
2592,1
4576,0
908,0
4416,0
5295,0
7838,0
3057,0
5448,0
7412,0
5049,1
2469,0
655,0
1694,1
7533,0
3525,0
7355,1
6664,0
2441,0
2269,0
2859,0
2090,0
7086,0
7150,1
234,1
7523,1
2650,0
7164,1
3720,1
4637,1
4519,0
7040,1
8575,1
1278,1
6643,1
6701,0
3356,1
1463,0
1624,1
2544,1
3231,1
3361,1
2268,0
2857,0
7933,0
3873,1
7722,0
3364,1
5511,1
5679,0
396,1
2633,1
1116,1
2046,1
2412,0
5113,1
4741,0
8184,0
2838,1
2277,1
4527,1
6523,1
5268,1
3699,1
6223,1
245,1
4591,1
6039,1
5229,1
4000,1
5421,1
6160,1
7360,0
2871,1
5188,1
2773,0
1839,0
7762,0
2655,1
3959,0
2164,1
6695,0
1497,1
1575,1
2468,0
4896,0
6668,1
3968,0
8276,0
7208,0
8410,0
3336,0
7541,1
6984,0
3408,1
2221,0
2132,0
2465,1
6648,0
2929,1
497,0
4541,0
2106,1
6817,0
2978,0
5912,0
837,0
7887,1
4546,1
8589,1
6612,1
8414,0
7850,0
274,1
7271,0
171,1
5349,1
8079,0
5724,0
3210,1
347,0
7454,1
2155,0
8652,1
2077,0
5465,1
3311,0
7629,1
7333,0
1809,1
4189,0
4723,0
5358,0
4877,0
565,0
1973,0
665,1
1926,0
5921,1
2271,1
4840,1
3081,1
3551,0
8125,0
3813,1
1420,0
4262,0
7542,0
8102,0
6374,1
7511,0
3925,1
3294,0
2712,0
4580,0
6452,0
2255,0
2778,0
5537,0
1282,1
5175,0
6383,1
1716,0
6931,0
7680,1
4791,1
3651,1
1647,1
697,1
2413,0
5762,0
3705,1
5516,0
6808,1
4480,1
2516,0
1691,1
5205,0
3863,1
2883,0
4568,1
3394,1
8598,1
8456,0
3635,0
1238,1
1125,0
2350,0
2868,0
5123,0
1648,0
1911,1
3775,1
764,1
1438,1
7569,1
4406,0
3641,1
7026,1
4608,0
1821,0
861,1
4771,0
4240,1
5367,1
8201,1
165,0
4398,0
7156,1
4542,1
3148,0
5399,0
1628,1
6531,1
3614,1
8330,1
3197,1
3113,0
5122,0
5795,1
1744,0
6798,1
6057,1
7237,0
6055,1
4009,0
3252,0
4155,1
3500,1
2742,0
2842,0
5280,1
6509,0
2540,0
3020,0
2594,0
8538,1
2316,0
6406,1
1161,1
7004,0
2677,0
6249,1
7219,1
8554,0
8549,0
4327,0
3371,1
465,0
5929,1
129,1
6801,1
8158,0
6962,0
6942,0
5882,0
5150,0
1710,0
89,0
2513,0
8401,0
3861,0
7963,1
4543,0
8224,1
3532,1
7259,1
6094,1
7044,1
6370,1
7550,1
1223,1
2819,0
5332,1
7321,0
990,0
4640,0
2845,1
1152,1
8312,1
2449,0
7020,1
1135,0
7424,0
4700,1
5485,1
1290,0
5212,0
1211,0
7786,1
3147,1
2462,0
799,0
7111,1
3631,1
6831,0
4569,0
1389,1
7865,1
5735,1
2374,1
7206,1
6455,0
5099,1
469,0
661,1
4575,0
4972,1
5415,0
383,1
7820,1
3526,0
7563,0
1284,0
4462,1
7233,1
124,0
4372,1
3051,0
360,1
4217,1
200,0
7548,0
1469,0
6852,0
2671,1
455,1
2498,1
334,1
7537,1
6590,0
340,1
7796,0
5837,0
233,0
1559,0
905,0
43,0
1807,0
2925,1
7314,1
2619,1
240,1
8004,0
2911,1
4619,1
1956,1
7392,1
4238,1
3722,1
3109,0
5598,1
2880,0
2126,0
4087,1
4319,0
6915,0
482,1
4502,1
4659,0
2609,1
5713,1
2858,1
7908,0
8108,0
2589,0
8295,1
3199,1
2368,0
4470,0
120,0
2945,0
8534,0
1714,1
298,0
1426,1
4110,1
5147,1
8005,1
2195,0
2700,1
2325,1
6575,0
4329,1
7320,1
7654,0
3682,0
96,1
3475,0
7619,0
4301,0
8347,1
625,1
1678,1
4548,1
3712,0
7015,1
8049,0
8078,1
956,1
3116,1
6998,0
73,0
5479,1
1920,0
7135,1
8054,0
7957,0
3514,1
1606,0
3952,1
6604,1
263,1
1207,1
153,0
3820,0
1875,0
7324,1
5522,0
206,1
6153,1
180,1
4397,0
1188,1
932,0
4656,1
1770,1
6838,0
5254,1
2820,0
6665,1
6630,0
2184,0
3258,1
2111,1
6875,1
7330,1
6879,1
3202,0
4371,0
6306,1
3438,1
2244,1
5133,1
1955,0
305,1
7002,0
2810,1
1501,0
7227,1
311,1
5187,1
3622,1
6857,0
6312,0
8351,0
3238,0
164,0
2152,0
4597,1
3687,1
3707,0
4971,1
452,0
123,1
1228,1
1561,0
2629,1
8391,1
6621,0
6197,0
3369,0
4648,0
1640,0
424,1
1827,1
8235,1
2494,0
4104,1
3306,0
5947,1
4883,0
7637,0
4012,0
5460,0
2848,1
8280,1
8429,1
2192,1
177,1
3845,1
7573,0
1700,0
8544,1
6174,0
7440,0
8641,1
3835,0
4727,0
4939,0
5538,0
7937,0
7491,1
5361,1
3463,1
786,0
2519,1
7142,0
90,1
6038,1
6524,1
8318,1
3335,0
1805,1
781,1
6484,1
6620,1
1960,0
2430,1
40,0
1326,0
140,0
161,1
5162,1
1488,0
4810,1
3785,1
3459,1
903,1
5134,0
2697,0
548,0
8550,0
7173,0
3837,0
3781,1
3574,0
8571,1
4243,1
6945,0
6869,0
4613,1
4431,1
2935,1
4789,1
1543,0
3305,0
1439,1
7279,1
7130,0
8109,1
5036,1
6463,0
2894,0
7993,0
1393,1
3347,1
7518,1
8253,1
7115,1
6922,0
5048,0
4798,0
1651,0
4802,0
758,0
6185,1
6889,0
8406,1
7377,1
7088,1
3374,1
2145,0
2289,1
2699,0
588,1
6929,1
8586,0
3923,1
8022,0
3205,0
4128,0
462,0
7037,1
2672,0
7300,1
2175,1
32,0
3666,1
1036,0
4357,1
3229,1
6199,1
2659,1
2228,0
4457,0
2163,0
1612,1
8292,1
6503,0
4227,0
5488,1
4354,0
5970,0
2743,0
7677,0
6067,0
415,1
2334,0
7397,1
716,0
3209,0
3240,1
8446,1
1967,1
1644,0
1632,0
4003,1
7483,0
3618,1
1952,1
8370,0
1413,0
6264,0
5359,1
5356,0
3769,1
1638,1
1776,0
5239,1
4622,1
2639,0
3547,1
3325,1
2310,0
6212,0
4889,1
1376,0
5924,0
1509,0
691,1
8066,0
7841,1
3642,0
1874,1
2932,0
1017,0
1127,1
797,0
2582,0
5789,1
833,0
7913,1
325,0
1724,0
4701,1
2073,1
6493,0
5688,1
3168,1
3411,0
6662,0
6428,0
7724,1
526,0
6165,0
8177,1
4540,0
2525,1
8533,0
1695,1
1210,0
6087,1
760,0
4773,1
4577,0
7242,0
941,1
4445,1
3381,0
8179,1
4026,1
4125,1
6331,0
3348,1
1277,0
8198,1
5904,0
3040,1
4324,0
2891,1
2150,1
2142,0
8166,1
2402,0
8203,0
3296,1
6101,0
4550,0
5845,1
2174,0
8122,1
3534,1
2976,0
4458,1
8437,0
2829,0
6505,1
2351,1
7980,0
5211,1
3748,1
3817,0
2614,0
805,1
761,1
2400,0
4506,0
3391,1
5227,1
6593,0
4677,0
3858,1
6507,1
8262,0
4388,0
2784,1
8531,0
2996,1
5718,1
2387,1
7927,0
8216,1
6904,1
5179,0
5371,1
6598,0
5382,0
7785,0
1897,1
1938,0
5304,0
4982,0
6182,0
3523,1
7103,0
1059,1
4486,1
1049,1
7835,0
876,1
4188,1
3007,0
8690,1
8085,0
7329,1
1542,1
1009,0
2318,0
2981,1
1114,1
1558,0
7815,0
3302,1
3709,1
7546,1
1061,1
765,0
1992,0
5664,0
4515,1
229,1
5525,0
7561,1
2995,0
842,0
174,0
3688,0
4071,1
5014,1
1411,0
3388,1
794,0
3681,0
264,1
7066,0
2097,0
289,0
1968,0
652,1
7388,0
18,1
7467,1
6698,0
6654,0
5521,0
8587,0
5855,1
678,1
5504,0
6477,1
2435,1
3429,1
1490,1
1520,0
5184,1
8434,1
113,0
7829,1
3074,1
7800,0
4827,0
1193,0
4139,1
2875,1
3254,1
2902,1
3034,0
2786,1
8100,0
5176,1
8056,1
767,0
7045,1
2148,1
4485,1
6595,0
3522,1
3018,0
916,0
5886,1
4600,0
5168,1
205,0
5963,1
6345,0
4285,0
8691,0
5424,0
696,1
2274,0
6077,0
7551,1
2024,1
3732,1
796,0
2735,0
2471,0
6116,0
8116,0
2867,1
1386,1
1392,0
1172,1
7071,1
4607,0
2229,1
1563,1
2056,1
4130,1
3949,0
2242,0
3539,0
2989,1
2511,0
247,1
2196,0
7169,1
3646,1
5059,0
2035,1
5473,0
3456,0
2034,1
7032,1
7225,1
8112,0
4943,1
1385,0
2889,1
5007,0
3292,1
6558,1
2147,0
3226,0
1835,0
5108,0
7759,1
8076,1
6004,1
5102,1
751,0
6910,0
2363,0
5941,1
5859,0
92,1
1203,1
2564,0
553,1
283,1
3239,0
3636,1
1038,0
1841,1
3675,0
5673,1
492,0
2178,1
5834,0
1535,1
5974,0
4036,0
7212,0
7932,1
4306,1
2481,1
2576,0
6481,0
6066,0
5949,1
1187,0
8677,1
5640,1
8039,0
4264,1
948,1
6618,1
8389,0
2573,0
5925,1
4995,1
3439,0
3771,0
1896,0
3879,1
6714,1
7965,1
2260,1
4904,1
210,0
2220,0
8562,0
1556,1
5784,0
8394,1
2949,0
692,0
3945,1
4023,0
6732,0
5105,0
7118,0
2665,1
323,0
1169,1
7810,1
204,0
6832,1
8205,1
4393,1
150,1
2928,1
7443,1
5730,0
3696,1
570,1
8340,0
1625,0
712,0
4162,1
5777,1
6413,0
3663,0
1216,1
1384,1
950,0
1004,0
3885,1
5194,0
62,1
4253,1
1350,1
4772,0
3186,0
5883,1
4676,1
531,1
6992,0
5344,1
3906,1
4718,0
1852,1
5607,0
643,0
5407,1
5791,0
3951,1
1051,0
1939,1
8548,0
7215,0
663,0
3448,1
5266,1
1087,1
6322,1
4670,0
4234,0
4390,1
4767,1
5262,1
1620,0
5898,0
8127,1
1746,0
5657,0
6480,1
4909,0
3716,0
2246,1
3792,0
7756,1
4884,1
3362,0
523,1
3351,1
3632,0
8332,1
8399,0
6008,1
1879,0
5540,0
695,0
4111,1
5172,1
2472,0
6130,0
8543,0
7567,0
7338,0
4621,1
314,1
755,0
1189,0
3037,1
3104,1
879,0
6500,1
7441,0
1121,1
1270,1
2771,0
2835,0
3121,1
6254,1
8256,1
4195,1
1572,1
4318,1
5520,1
436,0
2027,0
3585,1
7401,1
4793,1
4293,1
1797,1
2397,0
2283,1
2243,0
970,1
4389,1
7872,1
6049,0
5377,0
5279,0
7560,0
7885,1
4210,1
6213,0
618,1
6154,1
5067,0
735,0
5617,0
2652,0
6207,1
4592,0
5658,0
7953,1
2953,0
5431,0
88,0
7760,1
6615,0
5491,1
1361,0
4719,0
8263,1
20,0
7952,0
3727,1
4259,1
7876,1
111,1
382,0
2317,1
3056,1
2104,1
423,0
8251,1
252,0
7787,0
2623,0
6996,1
3882,0
5324,1
5114,1
5517,1
5238,0
5580,1
7549,1
2622,0
3565,1
7754,0
3291,1
2811,0
1704,1
4047,0
6239,0
3729,1
4096,0
6993,1
456,1
675,1
291,0
978,0
8511,1
1870,0
3069,0
985,1
5250,1
1442,1
6313,0
5509,1
2872,0
1737,0
517,1
3581,0
2487,0
5401,1
4366,1
3657,0
3577,1
4490,1
8425,0
387,1
1248,0
6084,1
8476,1
2047,0
5483,0
717,1
5873,0
1145,1
4710,1
2560,1
6418,1
7880,0
1756,0
418,1
4137,0
1247,0
4892,0
5833,1
7687,1
2975,0
8680,1
8669,1
8595,1
3259,0
2794,0
6710,1
3841,0
8150,1
2920,0
540,1
8431,0
939,1
1424,0
4822,1
5037,0
3613,0
6204,0
2241,0
5282,1
601,1
1117,0
4505,0
5702,1
8183,0
4019,1
1174,1
7721,0
5435,0
1066,1
7278,1
1518,1
7051,0
3557,0
8627,1
7643,1
3630,0
3363,0
5372,1
3538,1
5990,0
4674,0
3172,0
5215,0
4409,1
2341,0
1546,1
5456,1
2323,0
5010,1
4178,1
8252,1
8494,1
5545,1
4209,0
589,1
379,0
4305,1
7076,1
7844,1
8096,1
3753,0
3766,0
8359,0
5109,0
8193,0
8043,1
6415,0
2353,1
7384,1
7884,1
5378,1
471,1
2549,1
4043,0
187,1
838,1
7521,1
1863,1
924,0
3744,1
1448,1
6469,0
918,1
6402,0
8459,0
7060,0
406,0
8026,0
3297,1
130,1
1167,1
8542,0
7288,1
8547,0
287,1
1717,1
5972,1
7692,1
3449,1
1634,1
6588,1
4460,1
868,1
3179,1
4225,1
5722,0
7425,0
4461,1
4578,0
6047,0
3990,1
4049,1
4160,0
8392,0
2807,0
3216,0
1343,1
4166,1
8366,1
617,1
66,0
1709,1
953,1
6021,0
7811,0
6642,0
7347,0
4709,1
1857,1
2156,1
5565,0
7370,0
2737,1
3420,1
6060,1
7218,0
6226,1
7126,1
1342,0
5805,0
3274,1
7891,0
2547,1
4665,1
1397,0
2489,0
310,0
6892,1
1176,0
8507,0
232,0
4200,0
8454,0
7608,0
1329,0
7604,1
6854,0
6759,0
7266,0
1652,1
7069,1
8072,0
1937,0
6613,1
5452,1
4511,0
5348,1
1164,0
6224,1
3182,1
7904,0
6706,0
2290,0
6297,0
7583,1
3127,1
1636,1
1081,0
5115,0
2464,0
1507,1
7494,0
398,0
8561,1
2226,0
2558,0
8649,1
1142,0
1256,0
3994,0
8176,1
3993,0
1679,1
3370,0
2287,1
4520,0
2020,1
653,1
2927,1
2261,1
8447,0
2253,1
5590,0
5535,1
6988,0
1936,1
3773,0
4394,1
4611,1
4821,0
707,0
5602,0
8435,1
1383,0
4841,1
5626,0
783,1
1792,0
6082,0
936,1
1645,0
7681,1
597,1
4340,1
7974,1
8564,0
2286,0
1825,0
5249,1
4158,0
4984,1
4758,0
2758,0
1055,0
2641,1
2188,0
1576,0
5013,1
1613,0
2531,0
3786,1
1656,0
3346,1
2930,1
3860,0
2491,0
5260,0
1824,0
1729,0
7144,0
6072,1
1039,0
5714,0
7666,1
2668,1
3300,0
4815,0
3878,1
1429,0
823,0
6994,1
3884,0
3064,0
504,1
8518,1
1861,0
8282,1
3970,1
6729,1
2967,0
7986,0
3563,0
687,0
7863,0
8354,1
1755,0
5527,0
6126,0
689,1
6771,1
1156,0
6429,0
3844,1
5481,0
2357,0
6895,0
5869,1
6699,1
7452,0
2120,0
8520,0
2141,0
8037,0
6454,0
6186,0
6518,0
4945,1
3131,0
1786,0
2772,1
6655,1
3736,1
7832,0
1738,0
7594,0
7297,0
1532,1
6467,0
4801,1
363,0
285,0
3859,0
5146,1
5892,0
6587,1
2014,1
2843,1
6161,0
1346,1
3110,1
3087,0
8335,1
2998,0
2939,1
7924,0
8003,0
5788,1
5284,1
115,1
7018,1
821,0
6867,1
3282,1
7702,0
2535,1
4753,1
154,0
2022,1
6634,0
2730,1
1209,0
7845,0
921,1
2878,1
1080,0
481,1
834,1
1816,0
3431,0
3380,0
2851,0
1864,0
99,0
7180,1
2797,0
5800,1
5345,0
5432,0
6490,0
2620,0
7505,0
1034,1
8358,1
2637,1
740,1
377,0
6348,0
714,1
859,0
1234,0
6802,0
8065,0
4823,1
8028,1
7101,0
6325,1
146,1
1412,1
6390,0
5940,0
6440,1
3249,1
1633,1
4812,0
8285,1
582,0
3791,1
1667,1
6555,1
3059,1
4283,1
6909,1
2298,0
512,1
6333,0
5998,0
3154,1
2856,1
866,1
6193,0
117,0
5694,0
4339,1
1534,0
5830,1
3997,0
284,1
1730,0
7793,1
6861,1
4476,0
8484,1
2746,1
5283,1
4006,1
3620,0
1884,1
6734,0
3610,0
3749,1
1275,0
2676,0
1516,1
739,0
664,1
1479,1
2482,0
840,0
5908,0
4444,1
7471,1
8597,0
6967,1
6790,1
6907,0
4403,0
639,0
5195,1
4618,1
6848,0
7357,0
3176,0
5137,1
684,1
3648,0
2744,1
1571,1
192,0
4194,0
3849,1
5214,0
569,1
8604,0
5068,1
2208,1
8129,0
3270,0
7816,1
1387,1
7655,0
1994,0
4350,0
1862,1
8427,0
9,1
4612,0
2330,1
1281,0
3321,1
8187,0
566,0
2899,1
2694,0
4638,1
7072,0
1108,1
3713,1
8364,0
3194,0
6437,1
1378,0
3417,0
5690,1
6349,1
2410,0
7306,1
331,0
6409,1
3068,0
7400,0
8045,0
8443,0
2088,1
2674,1
1619,0
3046,1
4961,0
4492,0
4434,1
7615,1
4625,1
2442,1
6053,1
5938,1
2446,1
5514,1
7061,0
1761,0
4308,1
887,0
2613,0
5234,1
7035,0
4061,1
4790,1
6372,1
7968,1
425,0
7893,1
30,0
4190,0
2725,1
5971,0
8546,1
2798,0
3783,0
871,1
2307,0
7023,1
2216,1
8000,1
4650,1
2575,1
7322,0
3664,1
349,0
1199,1
4855,1
5094,1
3852,1
4573,1
6597,0
3562,0
7128,1
4059,1
1847,1
5100,1
5508,0
3299,1
5698,1
3066,0
5086,1
5388,0
2128,1
2754,0
1521,0
8460,1
4848,1
6483,1
3607,0
2080,0
7772,1
6419,1
51,1
3480,1
281,1
6548,0
6553,1
574,1
6205,1
3728,1
6425,1
1175,1
4866,1
4249,0
6765,0
4684,1
6200,1
480,0
4590,1
3433,1
3986,0
3892,0
832,1
5336,1
1872,1
6516,0
8223,0
7956,0
3584,1
4136,0
518,1
7153,0
3276,1
8526,0
2680,1
5132,0
7074,1
7588,1
2877,0
8058,1
6375,0
6420,1
8602,0
1974,0
7186,0
3340,0
2973,0
3592,0
4690,0
2572,0
2190,1
6296,1
4232,1
4498,1
4663,0
147,0
4636,0
8673,1
4101,0
4183,0
4479,1
5027,0
954,0
718,0
216,0
1155,0
8676,0
2983,1
7157,1
5906,0
8400,0
8361,1
4118,0
3188,1
5442,1
3757,1
5678,1
6911,1
4206,0
8221,1
560,1
5353,1
2373,1
5909,1
8029,1
6330,1
8360,1
2389,1
2251,1
2456,1
6317,0
6670,1
5264,1
8258,1
1592,0
747,1
8298,1
5575,1
6438,0
108,1
6462,0
7033,1
4435,0
2237,0
80,0
6232,1
4247,1
2760,1
2122,1
734,0
342,1
353,0
6536,1
3700,1
7942,0
2984,0
2748,0
3524,0
4937,1
4377,0
3446,0
5248,1
7209,0
7331,1
3816,0
6659,1
1692,0
8362,1
221,1
5083,0
7223,1
555,1
2437,1
741,0
2425,0
5745,1
1964,0
4169,1
8489,1
4885,0
6785,0
4483,1
3935,1
6825,1
6229,0
3455,1
1605,1
7726,0
5404,1
869,1
7764,0
8445,1
1902,0
2803,1
1779,0
5088,0
1310,1
2007,1
297,1
808,1
7901,1
2834,0
4079,1
1086,1
2179,0
8474,0
3669,0
3107,0
5865,1
1197,0
5874,0
3927,0
7694,0
2716,0
3273,1
4688,0
6033,0
2439,1
3142,0
8164,0
7742,1
4535,1
7009,1
4449,0
2399,0
4484,0
5039,1
4499,0
5008,0
3098,0
2657,0
8082,1
5728,1
3626,0
131,0
4761,0
1319,1
3989,0
4871,0
1947,0
4517,1
5744,1
5339,1
7238,0
1422,1
8420,0
5721,0
5500,0
4291,1
4697,1
6675,0
4989,1
1332,0
5414,1
2628,1
4413,1
7318,0
6168,1
7857,1
5045,0
8644,0
6958,0
4159,0
3471,0
388,1
8528,0
619,1
2167,0
8339,1
6878,0
3946,1
4696,0
6271,0
8013,1
4432,0
5032,0
7659,1
6594,0
928,0
507,0
1763,0
3333,1
3436,0
6626,0
5668,0
3245,0
8057,1
6404,0
3009,0
6691,1
7368,0
2406,0
2607,1
1657,0
8352,1
1244,0
6426,0
6273,1
6649,1
4030,0
5327,1
8148,0
7267,1
6179,1
3527,0
7728,0
4124,1
1868,0
7830,1
8132,1
6280,0
1655,0
541,1
7444,0
6906,1
7479,1
4940,0
694,0
4495,1
8301,1
2230,0
2956,0
6029,1
7134,0
2154,1
1599,0
4728,1
6000,1
6740,0
882,0
5312,1
547,0
3117,1
6282,0
8111,0
8441,1
4905,1
8084,0
3964,0
845,0
5599,1
2176,0
4814,0
4975,1
3301,0
6847,1
6703,1
1731,1
8451,0
962,0
3079,0
1681,0
226,0
1283,1
8320,1
7777,0
7085,0
7075,1
632,1
8480,0
2258,1
7426,1
6281,0
3316,1
6956,0
3145,1
5204,1
1019,0
1928,0
2947,0
7365,1
7906,0
925,1
3829,0
2908,1
3382,1
8516,0
3290,0
7375,0
8167,0
255,1
2433,0
5767,0
5096,0
2050,0
6823,0
6136,1
170,0
4862,0
4609,0
2723,1
4763,1
7985,1
2360,0
2143,0
3233,1
5503,1
8315,1
8310,1
7022,0
1718,1
2562,1
5643,0
6233,1
4797,1
7369,0
1989,1
8052,1
7346,1
3655,0
4922,0
7070,1
6851,1
5992,1
7582,0
2627,0
1978,1
8613,0
5764,1
3735,1
5736,1
2279,0
8165,0
3761,0
6491,1
3979,1
3419,0
1044,1
533,0
7911,1
7578,1
292,0
7187,1
3174,1
4617,1
1769,1
1725,0
38,0
3355,0
2815,0
8532,0
1005,1
4951,1
732,1
4768,0
6292,1
3315,1
2757,0
7439,0
4645,0
5633,0
199,0
7007,1
3490,0
2309,0
5255,1
4781,1
4094,0
496,0
6423,0
4459,1
8120,1
6307,0
5531,1
3012,1
5140,1
7607,0
1646,1
4513,1
3874,0
3437,0
3354,0
3413,0
2846,1
7319,0
8553,1
8625,1
3774,1
2530,1
8178,1
4138,1
238,1
1949,1
7451,1
33,1
1735,0
5297,0
3595,0
3975,1
6140,0
1182,0
3440,1
778,0
1697,0
1945,0
251,0
4976,1
5648,0
5300,0
2026,1
4716,0
7686,0
3674,0
8348,1
6397,0
502,1
6774,1
8341,1
1308,1
2203,0
4037,0
2532,0
2585,0
6118,0
4693,1
3095,1
2733,0
3686,1
3504,1
7713,1
2777,1
1296,1
3357,1
3487,1
2603,1
1390,0
5993,1
3341,1
5558,1
8535,1
546,1
3080,1
8501,0
7445,0
1118,1
1666,1
6918,0
7229,0
3649,1
6605,1
4796,0
5199,1
2631,0
6459,1
895,1
2666,1
3848,0
7601,0
5501,1
4108,0
8433,0
7653,0
1070,0
3599,0
7214,0
1972,0
7589,0
7489,1
4944,0
4610,1
3788,0
4422,0
4950,1
8036,0
6747,0
6258,0
6923,1
702,0
7636,0
8537,1
6378,0
886,1
5682,1
1541,1
3944,1
6163,1
4757,0
2001,1
6321,1
5080,0
5727,0
2581,1
6884,1
614,1
3915,1
7877,1
3494,1
2959,0
6070,1
1069,0
3987,1
2667,1
8327,1
2779,1
8610,1
8117,0
1685,0
7464,1
6829,1
458,1
1748,1
5852,0
1316,0
2701,0
8172,0
6685,1
4191,0
1076,1
4211,0
2528,0
381,1
3132,1
1304,1
3101,1
3043,1
4881,1
260,1
2394,1
715,1
1995,1
1734,0
7929,0
7296,1
7753,1
7200,1
1355,1
5782,1
2910,1
2828,0
4173,1
500,1
959,0
7019,1
7257,0
7146,1
4369,1
1540,1
5787,1
638,0
7740,1
7776,0
2133,1
2827,1
6990,1
750,0
6206,0
5831,1
5716,0
6653,1
802,1
2040,0
6353,1
6430,1
222,0
7790,1
5683,1
7057,0
8209,0
7258,1
5097,1
3499,0
5748,1
470,1
4839,0
7005,0
3899,1
7818,0
4501,1
2492,1
3427,1
2783,1
8174,1
3880,1
2604,0
4572,1
8557,0
1631,0
1747,0
3569,0
6177,1
3776,1
5773,0
3822,1
3412,1
2566,1
7633,0
4865,0
3218,0
7415,0
7177,1
8019,1
7513,1
3955,0
8012,0
856,0
4463,1
7662,1
6396,1
1568,1
7871,1
7994,1
1466,0
5778,1
7882,1
5969,1
3898,0
1851,1
2421,1
3478,1
3580,1
1103,1
3432,0
1099,0
5046,1
3386,1
2371,1
4890,0
5216,0
2866,1
1298,0
3488,1
6957,0
2084,1
5138,0
6537,0
8228,1
4477,0
8498,1
8181,0
4245,1
422,0
3508,1
836,1
1291,0
6812,1
5218,0
412,1
5707,0
8568,0
8656,1
923,0
3966,1
4077,1
3225,1
979,1
3819,0
5450,1
7181,0
7515,0
5670,1
8304,1
5532,1
3818,0
7691,1
4730,0
2675,1
4165,1
7570,0
4837,1
3404,1
1998,0
8200,0
7056,0
1906,0
3741,1
6963,0
810,0
2263,1
8469,1
22,0
1436,0
7870,1
2745,1
8687,1
3286,0
4419,1
5596,0
2201,1
843,1
1950,1
5402,1
5285,0
6700,0
1732,1
4870,1
7136,1
2943,1
6470,1
5817,0
1272,0
4787,0
7878,0
6991,1
3496,0
6485,1
1684,0
3423,1
7382,0
5058,0
1908,1
8134,0
6155,1
2086,0
3261,0
2593,0
151,1
2688,0
1337,0
5243,1
3041,0
7261,0
2979,0
8254,0
75,0
6240,1
8662,1
607,0
1144,0
637,1
1976,0
8663,1
699,0
8373,0
2134,0
2602,0
1828,0
7077,1
7503,1
3644,0
1929,0
4433,0
1040,1
1698,1
6360,1
6095,1
7480,0
8450,1
7313,1
1320,0
2823,0
1589,1
4279,1
606,0
3090,0
7133,0
680,0
5821,0
5720,0
3690,1
2561,1
2804,0
1364,0
6336,1
7407,1
4089,0
8458,1
4221,0
6950,0
3548,0
6180,1
8524,0
1944,0
4673,0
2802,1
7647,0
332,0
6736,1
3493,0
5143,0
8291,0
6134,1
7718,0
2296,0
8162,1
7999,0
1593,1
7512,0
2227,1
8106,0
3115,1
4067,1
4825,1
4887,0
5584,0
5181,0
5272,1
1538,0
5052,0
5347,1
5943,1
2719,0
3637,1
7593,0
4033,1
333,0
5390,0
4657,0
3084,1
8090,0
966,1
1323,1
3272,1
6722,1
5810,1
446,1
384,1
6305,1
4888,1
401,0
4516,1
2254,0
2608,1
3625,1
3851,0
1279,1
6269,0
893,1
942,1
2365,0
2427,0
2527,1
6526,1
5768,1
1668,1
3947,0
2485,0
7780,0
4146,0
5002,0
7781,1
8190,0
5811,1
5945,0
6146,1
5937,0
897,0
5877,1
7398,0
338,0
2033,1
2727,1
7528,1
5880,1
6542,1
771,1
1808,0
427,1
4034,0
7705,0
6159,1
2458,0
3028,1
2112,0
410,0
2109,0
8135,1
8343,0
1627,0
7856,0
6377,0
3146,1
5533,1
1986,0
3444,0
1838,0
7291,0
65,1
7574,1
3227,1
4018,1
844,0
662,0
3950,1
5942,1
6965,1
938,0
3750,1
5871,0
4603,0
3310,1
5734,1
2206,1
867,0
7579,1
3122,0
6552,0
6048,1
5281,1
5145,1
2567,0
6652,1
5879,0
4655,1
3886,1
1423,0
5131,0
5553,0
2306,0
4068,0
7165,0
359,0
2181,1
5352,1
3823,1
5477,1
5663,0
8667,1
5627,1
6323,1
1813,0
6221,0
2010,0
2038,0
1801,1
6424,0
8323,0
8306,0
2139,1
5933,1
321,1
7814,0
5337,1
825,0
6764,1
1328,0
3988,0
659,0
7041,1
7418,0
358,0
181,1
7231,0
7912,1
5772,0
790,1
4962,1
5946,0
7469,1
527,1
7268,1
1914,0
3344,0
1894,1
2477,0
2683,0
4032,1
2063,0
8130,0
2750,1
2013,0
1015,1
7250,1
5693,1
5253,1
5752,1
595,0
8217,0
4775,0
6748,0
3133,0
1882,1
2514,1
6151,1
3058,1
5896,1
7530,0
3328,0
4313,0
6757,0
7104,0
940,0
376,0
1090,0
4675,1
4410,1
4497,0
7105,0
852,0
4192,0
1179,1
3468,0
6394,0
7930,1
1941,0
6833,0
6236,1
2654,0
8657,0
1988,0
6367,1
3643,1
4024,0
3017,1
7499,1
1101,1
5487,1
5557,0
7097,1
2003,1
4467,0
6252,1
1570,0
5203,1
3379,1
280,0
1441,1
6709,0
1184,1
3678,0
7350,1
3183,0
4824,1
2634,1
4069,1
1733,0
60,0
6953,1
5962,1
2892,1
2092,1
400,1
3985,1
2415,0
7327,0
1457,0
1618,0
2393,1
6768,1
2484,1
1932,1
6705,0
763,1
2644,1
3991,1
8386,1
3518,1
7272,1
8104,1
8309,1
8121,0
1230,1
2186,0
4852,1
6797,0
6032,1
4751,1
6368,1
4358,1
1130,1
3264,0
5710,0
6826,1
3323,0
539,1
2429,0
7205,1
3691,0
6316,1
5427,1
5291,1
1003,0
5794,1
7236,0
2382,0
2970,1
8541,0
7799,1
8684,1
6495,1
5393,0
2900,0
3926,0
3466,1
2019,0
7137,0
7000,0
3155,0
8336,1
4721,1
1754,1
5838,1
4706,1
7678,0
6040,1
915,1
3465,0
4602,0
1506,1
1527,0
6760,1
3474,1
8006,0
4987,1
2882,0
2459,0
1294,1
6451,1
6250,1
4826,1
6979,1
3111,1
2721,1
6384,1
48,0
7316,0
4744,1
4039,1
2036,0
4254,0
2994,0
5675,0
1403,1
6255,0
1214,1
3213,1
5905,1
2963,0
1829,1
4948,0
6494,0
2648,1
1322,0
437,1
4765,1
5040,1
3603,0
19,1
6788,0
6762,0
7207,1
4257,1
5351,1
5153,1
7826,1
390,1
7919,1
1035,0
7217,1
6726,1
74,0
6042,1
5529,1
3743,0
1788,1
7612,0
2211,0
5409,0
5843,0
1353,1
6231,0
3555,1
5956,0
3324,0
5321,0
2968,0
8479,0
4521,1
15,0
4280,1
727,1
5935,0
883,1
7558,1
1418,1
76,1
6173,0
3467,0
6573,1
5732,1
5308,1
1743,1
2705,1
535,1
7723,0
3797,1
6061,1
7410,0
2292,0
7746,1
1327,0
7614,0
7757,1
4420,1
6510,0
6215,0
2440,0
5793,0
7967,0
1331,0
2918,0
2568,0
4184,0
1975,0
2432,1
6113,1
4560,1
5608,1
364,0
5827,1
2137,0
2037,0
4581,1
5443,1
7587,1
3072,0
5885,0
6267,1
6741,0
7448,1
3073,0
3193,0
2470,0
4970,1
212,1
2336,0
8609,0
8024,1
7802,0
8388,0
5915,0
3556,0
8270,1
6458,0
2103,1
5021,0
6052,1
3093,1
2071,1
1669,0
753,1
299,0
8572,0
202,1
3086,0
7854,0
7795,1
8611,1
1880,1
6433,0
